{
  "vueling": [
    {
      "flight_number": "VY123",
      "bags_number": 50,
      "pax_number": 150,
      "date_of_departure": "2024-04-01",
      "std": "08:00",
      "date_of_arrival": "2024-04-01",
      "sta": "10:30"
    },
    {
      "flight_number": "VY456",
      "bags_number": 45,
      "pax_number": 130,
      "date_of_departure": "2024-04-02",
      "std": "10:30",
      "date_of_arrival": "2024-04-02",
      "sta": "13:00"
    },
    {
      "flight_number": "VY789",
      "bags_number": 55,
      "pax_number": 160,
      "date_of_departure": "2024-04-03",
      "std": "12:00",
      "date_of_arrival": "2024-04-03",
      "sta": "14:30"
    },
    {
      "flight_number": "VY101",
      "bags_number": 60,
      "pax_number": 170,
      "date_of_departure": "2024-04-04",
      "std": "14:30",
      "date_of_arrival": "2024-04-04",
      "sta": "17:00"
    },
    {
      "flight_number": "VY202",
      "bags_number": 40,
      "pax_number": 120,
      "date_of_departure": "2024-04-05",
      "std": "16:00",
      "date_of_arrival": "2024-04-05",
      "sta": "18:30"
    },
    {
      "flight_number": "VY303",
      "bags_number": 65,
      "pax_number": 180,
      "date_of_departure": "2024-04-06",
      "std": "18:30",
      "date_of_arrival": "2024-04-06",
      "sta": "21:00"
    },
    {
      "flight_number": "VY404",
      "bags_number": 35,
      "pax_number": 110,
      "date_of_departure": "2024-04-07",
      "std": "20:00",
      "date_of_arrival": "2024-04-07",
      "sta": "22:30"
    },
    {
      "flight_number": "VY505",
      "bags_number": 70,
      "pax_number": 200,
      "date_of_departure": "2024-04-08",
      "std": "22:30",
      "date_of_arrival": "2024-04-08",
      "sta": "01:00"
    },
    {
      "flight_number": "VY606",
      "bags_number": 30,
      "pax_number": 100,
      "date_of_departure": "2024-04-09",
      "std": "00:00",
      "date_of_arrival": "2024-04-09",
      "sta": "02:30"
    },
    {
      "flight_number": "VY707",
      "bags_number": 75,
      "pax_number": 220,
      "date_of_departure": "2024-04-10",
      "std": "02:30",
      "date_of_arrival": "2024-04-10",
      "sta": "05:00"
    }
  ],
  "ryanair": [
    {
      "flight_number": "FR123",
      "bags_number": 45,
      "pax_number": 130,
      "date_of_departure": "2024-04-01",
      "std": "08:15",
      "date_of_arrival": "2024-04-01",
      "sta": "10:45"
    },
    {
      "flight_number": "FR456",
      "bags_number": 40,
      "pax_number": 120,
      "date_of_departure": "2024-04-02",
      "std": "10:45",
      "date_of_arrival": "2024-04-02",
      "sta": "13:15"
    },
    {
      "flight_number": "FR789",
      "bags_number": 50,
      "pax_number": 150,
      "date_of_departure": "2024-04-03",
      "std": "12:30",
      "date_of_arrival": "2024-04-03",
      "sta": "15:00"
    },
    {
      "flight_number": "FR101",
      "bags_number": 55,
      "pax_number": 160,
      "date_of_departure": "2024-04-04",
      "std": "14:45",
      "date_of_arrival": "2024-04-04",
      "sta": "17:15"
    },
    {
      "flight_number": "FR202",
      "bags_number": 60,
      "pax_number": 170,
      "date_of_departure": "2024-04-05",
      "std": "16:15",
      "date_of_arrival": "2024-04-05",
      "sta": "18:45"
    },
    {
      "flight_number": "FR303",
      "bags_number": 35,
      "pax_number": 110,
      "date_of_departure": "2024-04-06",
      "std": "18:45",
      "date_of_arrival": "2024-04-06",
      "sta": "21:15"
    },
    {
      "flight_number": "FR404",
      "bags_number": 65,
      "pax_number": 180,
      "date_of_departure": "2024-04-07",
      "std": "20:30",
      "date_of_arrival": "2024-04-07",
      "sta": "23:00"
    },
    {
      "flight_number": "FR505",
      "bags_number": 70,
      "pax_number": 200,
      "date_of_departure": "2024-04-08",
      "std": "22:45",
      "date_of_arrival": "2024-04-08",
      "sta": "01:15"
    },
    {
      "flight_number": "FR606",
      "bags_number": 30,
      "pax_number": 100,
      "date_of_departure": "2024-04-09",
      "std": "00:15",
      "date_of_arrival": "2024-04-09",
      "sta": "02:45"
    },
    {
      "flight_number": "FR707",
      "bags_number": 75,
      "pax_number": 220,
      "date_of_departure": "2024-04-10",
      "std": "02:45",
      "date_of_arrival": "2024-04-10",
      "sta": "05:15"
    }
  ]
}